,product_count
SEPHORA COLLECTION,496
CLINIQUE,234
tarte,170
TOM FORD,161
Dior,145
Fresh,138
Kiehl's Since 1851,126
Lancôme,120
Bumble and bumble,104
MAKE UP FOR EVER,99
Moroccanoil,98
Kérastase,96
Shiseido,95
Benefit Cosmetics,93
FENTY BEAUTY by Rihanna,85
philosophy,84
Too Faced,81
Yves Saint Laurent,81
Jo Malone London,76
Givenchy,76
Urban Decay,76
Charlotte Tilbury,75
Bobbi Brown,74
Living Proof,74
Origins,73
KVD Vegan Beauty,71
Hourglass,70
Anastasia Beverly Hills,70
Peter Thomas Roth,69
NEST New York,67
